{
    "aui-ace-autocomplete-base": {
        "requires": [
            "aui-ace-editor"
        ]
    },
    "aui-ace-autocomplete-freemarker": {
        "requires": [
            "aui-ace-autocomplete-templateprocessor"
        ]
    },
    "aui-ace-autocomplete-list": {
        "requires": [
            "aui-ace-autocomplete-base",
            "overlay",
            "widget-autohide"
        ],
        "skinnable": true
    },
    "aui-ace-autocomplete-plugin": {
        "requires": [
            "aui-ace-autocomplete-list",
            "plugin"
        ]
    },
    "aui-ace-autocomplete-templateprocessor": {
        "requires": [
            "aui-ace-autocomplete-base"
        ]
    },
    "aui-ace-autocomplete-velocity": {
        "requires": [
            "aui-ace-autocomplete-templateprocessor"
        ]
    },
    "aui-ace-editor": {
        "requires": [
            "aui-node",
            "aui-component"
        ]
    },
    "aui-affix": {
        "requires": [
            "base",
            "node-screen",
            "aui-node"
        ]
    },
    "aui-alert": {
        "requires": [
            "aui-aria",
            "aui-classnamemanager",
            "aui-widget-cssclass",
            "aui-widget-transition",
            "timers",
            "widget",
            "widget-stdmod"
        ],
        "skinnable": true
    },
    "aui-aria": {
        "requires": [
            "plugin",
            "aui-component"
        ]
    },
    "aui-aria-table-sortable": {
        "requires": [
            "aui-aria"
        ]
    },
    "aui-arraysort": {
        "requires": [
            "arraysort"
        ]
    },
    "aui-audio": {
        "requires": [
            "aui-aria",
            "aui-node",
            "aui-component",
            "node-event-html5",
            "querystring-stringify-simple"
        ],
        "skinnable": true
    },
    "aui-autocomplete-deprecated": {
        "requires": [
            "aui-base-deprecated",
            "aui-overlay-base-deprecated",
            "datasource",
            "dataschema",
            "aui-form-combobox-deprecated"
        ],
        "skinnable": true
    },
    "aui-autosize": {
        "use": [
            "aui-autosize-iframe"
        ]
    },
    "aui-autosize-deprecated": {
        "requires": [
            "event-valuechange",
            "plugin",
            "aui-base-deprecated"
        ],
        "skinnable": true
    },
    "aui-autosize-iframe": {
        "requires": [
            "plugin",
            "aui-component",
            "aui-timer",
            "aui-node-base"
        ]
    },
    "aui-base": {
        "use": [
            "oop",
            "yui-throttle",
            "aui-classnamemanager",
            "aui-debounce",
            "aui-base-core",
            "aui-base-lang",
            "aui-node-base"
        ]
    },
    "aui-base-core": {},
    "aui-base-deprecated": {
        "use": [
            "aui-base",
            "aui-node",
            "aui-component",
            "aui-delayed-task-deprecated",
            "aui-selector",
            "aui-event-base"
        ]
    },
    "aui-base-html5-shiv": {
        "condition": {
            "name": "aui-base-html5-shiv",
            "trigger": "node-base",
            "ua": "ie"
        }
    },
    "aui-base-lang": {},
    "aui-boolean-data-editor": {
        "requires": [
            "aui-button-switch",
            "aui-data-editor"
        ]
    },
    "aui-button": {
        "use": [
            "aui-button-core"
        ]
    },
    "aui-button-core": {
        "requires": [
            "button",
            "button-group",
            "button-plugin",
            "aui-component",
            "aui-widget-cssclass",
            "aui-widget-toggle"
        ],
        "skinnable": true
    },
    "aui-button-item-deprecated": {
        "requires": [
            "aui-base-deprecated",
            "aui-state-interaction-deprecated",
            "widget-child"
        ],
        "skinnable": true
    },
    "aui-button-search-cancel": {
        "requires": [
            "array-invoke",
            "base",
            "base-build",
            "event-focus",
            "event-move",
            "event-resize",
            "node-screen",
            "node-event-delegate",
            "aui-node-base",
            "aui-classnamemanager",
            "aui-event-input"
        ]
    },
    "aui-button-switch": {
        "requires": [
            "aui-node-base",
            "base-build",
            "event-key",
            "transition",
            "widget"
        ],
        "skinnable": true
    },
    "aui-carousel": {
        "requires": [
            "anim",
            "aui-event",
            "aui-image-viewer-base",
            "aui-image-viewer-slideshow",
            "node-event-delegate",
            "node-focusmanager"
        ],
        "skinnable": true
    },
    "aui-carousel-mobile-touch": {
        "condition": {
            "name": "aui-carousel-mobile-touch",
            "test": "aui-carousel-mobile-touch-test.js",
            "trigger": "aui-carousel"
        },
        "requires": [
            "base-build",
            "aui-carousel"
        ]
    },
    "aui-carousel-swipe": {
        "condition": {
            "name": "aui-carousel-swipe",
            "trigger": "aui-carousel",
            "ua": "touchEnabled"
        },
        "requires": [
            "aui-carousel",
            "aui-widget-swipe",
            "base-build"
        ],
        "skinnable": true
    },
    "aui-char-counter": {
        "requires": [
            "aui-aria",
            "aui-node",
            "aui-event-input",
            "aui-component"
        ]
    },
    "aui-chart-deprecated": {
        "requires": [
            "datasource",
            "json",
            "aui-swf-deprecated"
        ]
    },
    "aui-classnamemanager": {
        "requires": [
            "classnamemanager"
        ]
    },
    "aui-collection": {
        "use": [
            "aui-map",
            "aui-set",
            "aui-linkedset"
        ]
    },
    "aui-color-palette": {
        "requires": [
            "array-extras",
            "aui-palette",
            "color-base",
            "node-core",
            "aui-widget-cssclass",
            "aui-widget-toggle"
        ],
        "skinnable": true
    },
    "aui-color-picker-base": {
        "requires": [
            "aui-color-palette",
            "aui-hsva-palette-modal",
            "event-outside"
        ],
        "skinnable": true
    },
    "aui-color-picker-base-deprecated": {
        "requires": [
            "dd-drag",
            "panel",
            "slider",
            "aui-button-item-deprecated",
            "aui-color-util-deprecated",
            "aui-form-base-deprecated",
            "aui-overlay-context-deprecated"
        ],
        "skinnable": true
    },
    "aui-color-picker-deprecated": {
        "use": [
            "aui-color-picker-base-deprecated",
            "aui-color-picker-grid-plugin-deprecated"
        ]
    },
    "aui-color-picker-grid-plugin-deprecated": {
        "requires": [
            "plugin",
            "aui-color-picker-base-deprecated"
        ],
        "skinnable": true
    },
    "aui-color-picker-popover": {
        "requires": [
            "aui-color-picker-base",
            "aui-popover",
            "aui-widget-cssclass",
            "aui-widget-toggle"
        ],
        "skinnable": true
    },
    "aui-color-util-deprecated": {
        "requires": []
    },
    "aui-component": {
        "requires": [
            "aui-classnamemanager",
            "aui-widget-cssclass",
            "aui-widget-toggle",
            "base-build",
            "widget-base"
        ]
    },
    "aui-css": {
        "type": "css"
    },
    "aui-data-editor": {
        "requires": [
            "aui-classnamemanager",
            "base-build",
            "node-base"
        ],
        "skinnable": true
    },
    "aui-data-set-deprecated": {
        "requires": [
            "oop",
            "collection",
            "base"
        ]
    },
    "aui-datasource-control-base-deprecated": {
        "requires": [
            "datasource",
            "dataschema",
            "aui-base-deprecated"
        ]
    },
    "aui-datasource-control-deprecated": {
        "use": [
            "aui-datasource-control-base-deprecated",
            "aui-input-text-control-deprecated"
        ]
    },
    "aui-datatable": {
        "use": [
            "aui-datatable-edit",
            "aui-datatable-highlight",
            "aui-datatable-selection",
            "aui-datatable-property-list"
        ]
    },
    "aui-datatable-base-cell-editor": {
        "requires": [
            "datatable-base",
            "overlay"
        ],
        "skinnable": true
    },
    "aui-datatable-base-options-cell-editor": {
        "requires": [
            "aui-datatable-base-cell-editor",
            "escape"
        ],
        "skinnable": true
    },
    "aui-datatable-body": {
        "requires": [
            "aui-classnamemanager",
            "datatable-base",
            "event-key",
            "aui-event-base"
        ]
    },
    "aui-datatable-cell-editor-support": {
        "requires": [
            "datatable-base"
        ]
    },
    "aui-datatable-checkbox-cell-editor": {
        "requires": [
            "aui-datatable-base-options-cell-editor"
        ]
    },
    "aui-datatable-core": {
        "requires": [
            "aui-datatable-body",
            "datatable-base",
            "event-key",
            "aui-event-base"
        ],
        "skinnable": true
    },
    "aui-datatable-date-cell-editor": {
        "requires": [
            "aui-datatable-base-options-cell-editor"
        ]
    },
    "aui-datatable-dropdown-cell-editor": {
        "requires": [
            "aui-datatable-base-options-cell-editor"
        ]
    },
    "aui-datatable-edit": {
        "use": [
            "datatable-base",
            "calendar",
            "overlay",
            "sortable",
            "aui-datatype",
            "aui-toolbar",
            "aui-form-validator",
            "aui-datatable-base-cell-editor",
            "aui-datatable-base-options-cell-editor",
            "aui-datatable-cell-editor-support",
            "aui-datatable-core",
            "aui-datatable-checkbox-cell-editor",
            "aui-datatable-date-cell-editor",
            "aui-datatable-dropdown-cell-editor",
            "aui-datatable-radio-cell-editor",
            "aui-datatable-text-cell-editor",
            "aui-datatable-text-area-cell-editor"
        ]
    },
    "aui-datatable-highlight": {
        "requires": [
            "aui-datatable-selection"
        ],
        "skinnable": true
    },
    "aui-datatable-property-list": {
        "requires": [
            "datatable-scroll",
            "datatable-sort",
            "aui-datatable-core",
            "aui-datatable-edit",
            "aui-datatable-highlight",
            "aui-datatable-selection",
            "aui-widget-cssclass",
            "aui-widget-toggle"
        ],
        "skinnable": true
    },
    "aui-datatable-radio-cell-editor": {
        "requires": [
            "aui-datatable-base-options-cell-editor"
        ]
    },
    "aui-datatable-selection": {
        "requires": [
            "aui-datatable-core"
        ],
        "skinnable": true
    },
    "aui-datatable-text-area-cell-editor": {
        "requires": [
            "aui-datatable-base-options-cell-editor"
        ]
    },
    "aui-datatable-text-cell-editor": {
        "requires": [
            "aui-datatable-base-options-cell-editor"
        ]
    },
    "aui-datatype": {
        "requires": [
            "datatype",
            "aui-datatype-date-parse"
        ]
    },
    "aui-datatype-date-parse": {
        "requires": [
            "aui-base-lang",
            "datatype-date-format",
            "datatype-date-parse",
            "intl"
        ]
    },
    "aui-datepicker": {
        "requires": [
            "aui-aria",
            "aui-datepicker-delegate",
            "aui-datepicker-popover",
            "base",
            "base-build",
            "calendar"
        ],
        "skinnable": true
    },
    "aui-datepicker-base-deprecated": {
        "requires": [
            "calendar",
            "aui-datatype",
            "aui-overlay-context-deprecated"
        ],
        "skinnable": true
    },
    "aui-datepicker-delegate": {
        "requires": [
            "aui-datatype-date-parse",
            "aui-event-input",
            "event-focus",
            "node-event-delegate"
        ]
    },
    "aui-datepicker-deprecated": {
        "skinnable": true,
        "use": [
            "aui-datepicker-base-deprecated",
            "aui-datepicker-select-deprecated"
        ]
    },
    "aui-datepicker-native": {
        "requires": [
            "aui-datepicker-delegate",
            "aui-node-base",
            "base",
            "base-build"
        ]
    },
    "aui-datepicker-popover": {
        "requires": [
            "aui-classnamemanager",
            "aui-popover"
        ]
    },
    "aui-datepicker-select-deprecated": {
        "requires": [
            "aui-datepicker-base-deprecated",
            "aui-button-item-deprecated"
        ],
        "skinnable": true
    },
    "aui-debounce": {},
    "aui-delayed-task-deprecated": {
        "requires": [
            "yui-base"
        ]
    },
    "aui-diagram-builder": {
        "requires": [
            "aui-aria",
            "aui-map",
            "aui-property-builder",
            "aui-diagram-builder-connector",
            "aui-property-builder-settings",
            "aui-diagram-node-condition",
            "aui-diagram-node-end",
            "aui-diagram-node-fork",
            "aui-diagram-node-join",
            "aui-diagram-node-start",
            "aui-diagram-node-state",
            "aui-diagram-node-task",
            "overlay"
        ],
        "skinnable": true
    },
    "aui-diagram-builder-connector": {
        "requires": [
            "arraylist-add",
            "arraylist-filter",
            "escape",
            "json",
            "graphics",
            "dd"
        ],
        "skinnable": true
    },
    "aui-diagram-node": {
        "requires": [
            "aui-aria",
            "aui-diagram-node-manager-base",
            "escape",
            "overlay"
        ]
    },
    "aui-diagram-node-condition": {
        "requires": [
            "aui-diagram-node-state"
        ]
    },
    "aui-diagram-node-end": {
        "requires": [
            "aui-diagram-node-state"
        ]
    },
    "aui-diagram-node-fork": {
        "requires": [
            "aui-diagram-node-state"
        ]
    },
    "aui-diagram-node-join": {
        "requires": [
            "aui-diagram-node-state"
        ]
    },
    "aui-diagram-node-manager-base": {
        "requires": [
            "base"
        ]
    },
    "aui-diagram-node-start": {
        "requires": [
            "aui-diagram-node-state"
        ]
    },
    "aui-diagram-node-state": {
        "requires": [
            "aui-diagram-node"
        ]
    },
    "aui-diagram-node-task": {
        "requires": [
            "aui-diagram-node-state"
        ]
    },
    "aui-dialog-iframe-deprecated": {
        "requires": [
            "plugin",
            "array-invoke",
            "aui-base-deprecated",
            "aui-loading-mask-deprecated"
        ],
        "skinnable": true
    },
    "aui-dropdown": {
        "requires": [
            "event-delegate",
            "event-key",
            "event-outside",
            "node-focusmanager",
            "widget",
            "widget-stack",
            "aui-classnamemanager",
            "aui-node",
            "aui-widget-cssclass",
            "aui-widget-toggle",
            "aui-widget-trigger"
        ],
        "skinnable": true
    },
    "aui-editable-deprecated": {
        "requires": [
            "aui-base-deprecated",
            "aui-form-combobox-deprecated",
            "escape",
            "event-resize"
        ],
        "skinnable": true
    },
    "aui-event": {
        "use": [
            "aui-event-base"
        ]
    },
    "aui-event-base": {
        "requires": [
            "event-base"
        ]
    },
    "aui-event-delegate-change": {
        "condition": {
            "name": "aui-event-delegate-change",
            "trigger": "event-base-ie",
            "ua": "ie"
        },
        "requires": [
            "aui-event-base",
            "event-delegate",
            "event-synthetic"
        ]
    },
    "aui-event-delegate-submit": {
        "condition": {
            "name": "aui-event-delegate-submit",
            "trigger": "event-base-ie",
            "ua": "ie"
        },
        "requires": [
            "aui-event-base",
            "event-delegate",
            "event-synthetic"
        ]
    },
    "aui-event-input": {
        "condition": {
            "name": "aui-event-input",
            "test": "aui-event-input-test.js",
            "trigger": "aui-event-base"
        },
        "requires": [
            "aui-event-base",
            "event-delegate",
            "event-synthetic",
            "timers"
        ]
    },
    "aui-form-base-deprecated": {
        "requires": [
            "io-form",
            "querystring-parse",
            "aui-base-deprecated",
            "aui-data-set-deprecated",
            "aui-form-field-deprecated"
        ]
    },
    "aui-form-builder": {
        "requires": [
            "aui-modal",
            "aui-layout",
            "aui-form-builder-field-list",
            "aui-form-builder-field-toolbar",
            "aui-form-builder-field-type",
            "aui-form-builder-field-types",
            "aui-form-builder-layout-builder",
            "aui-form-builder-page-manager",
            "aui-form-builder-settings-modal",
            "event-focus",
            "event-tap"
        ],
        "skinnable": true
    },
    "aui-form-builder-available-field-deprecated": {
        "requires": [
            "aui-property-builder-available-field"
        ]
    },
    "aui-form-builder-deprecated": {
        "requires": [
            "aui-button",
            "aui-collection",
            "aui-form-builder-available-field-deprecated",
            "aui-form-builder-field-deprecated",
            "aui-form-builder-field-button-deprecated",
            "aui-form-builder-field-checkbox-deprecated",
            "aui-form-builder-field-fieldset-deprecated",
            "aui-form-builder-field-file-upload-deprecated",
            "aui-form-builder-field-multiple-choice-deprecated",
            "aui-form-builder-field-radio-deprecated",
            "aui-form-builder-field-select-deprecated",
            "aui-form-builder-field-text-deprecated",
            "aui-form-builder-field-textarea-deprecated",
            "aui-property-builder",
            "aui-property-builder-settings",
            "aui-sortable-list",
            "aui-tabview",
            "aui-tooltip-base",
            "escape",
            "transition"
        ],
        "skinnable": true
    },
    "aui-form-builder-field-base": {
        "requires": [
            "aui-classnamemanager",
            "aui-node-base",
            "aui-text-data-editor",
            "aui-toggler",
            "base",
            "node-base"
        ],
        "skinnable": true
    },
    "aui-form-builder-field-button-deprecated": {
        "requires": [
            "aui-form-builder-field-deprecated"
        ]
    },
    "aui-form-builder-field-checkbox-deprecated": {
        "requires": [
            "aui-form-builder-field-deprecated"
        ]
    },
    "aui-form-builder-field-choice": {
        "requires": [
            "aui-boolean-data-editor",
            "aui-options-data-editor",
            "aui-tabs-data-editor",
            "aui-form-builder-field-base",
            "aui-form-field-choice"
        ]
    },
    "aui-form-builder-field-deprecated": {
        "requires": [
            "panel",
            "aui-datatype",
            "aui-datatable-edit",
            "aui-property-builder-field-support"
        ],
        "skinnable": true
    },
    "aui-form-builder-field-fieldset-deprecated": {
        "requires": [
            "aui-form-builder-field-deprecated"
        ]
    },
    "aui-form-builder-field-file-upload-deprecated": {
        "requires": [
            "aui-form-builder-field-deprecated"
        ]
    },
    "aui-form-builder-field-list": {
        "requires": [
            "aui-form-builder-field-type",
            "aui-form-builder-field-types",
            "aui-form-builder-layout-builder"
        ],
        "skinnable": true
    },
    "aui-form-builder-field-multiple-choice-deprecated": {
        "requires": [
            "aui-form-builder-field-deprecated"
        ]
    },
    "aui-form-builder-field-radio-deprecated": {
        "requires": [
            "aui-form-builder-field-deprecated"
        ]
    },
    "aui-form-builder-field-select-deprecated": {
        "requires": [
            "aui-form-builder-field-deprecated"
        ]
    },
    "aui-form-builder-field-sentence": {
        "requires": [
            "aui-form-builder-field-base",
            "aui-form-field"
        ]
    },
    "aui-form-builder-field-text": {
        "requires": [
            "aui-boolean-data-editor",
            "aui-radio-group-data-editor",
            "aui-form-builder-field-base",
            "aui-form-field-text"
        ]
    },
    "aui-form-builder-field-text-deprecated": {
        "requires": [
            "aui-form-builder-field-deprecated"
        ]
    },
    "aui-form-builder-field-textarea-deprecated": {
        "requires": [
            "aui-form-builder-field-deprecated"
        ]
    },
    "aui-form-builder-field-toolbar": {
        "requires": [
            "aui-classnamemanager",
            "base",
            "node-base"
        ],
        "skinnable": true
    },
    "aui-form-builder-field-type": {
        "requires": [
            "base",
            "node-base"
        ],
        "skinnable": true
    },
    "aui-form-builder-field-types": {
        "requires": [
            "aui-classnamemanager",
            "aui-form-builder-field-types-modal",
            "base",
            "node-base"
        ],
        "skinnable": true
    },
    "aui-form-builder-field-types-modal": {
        "requires": [
            "aui-modal"
        ],
        "skinnable": true
    },
    "aui-form-builder-layout-builder": {
        "requires": [
            "aui-classnamemanager",
            "aui-layout-builder",
            "aui-modal",
            "base",
            "node-base"
        ],
        "skinnable": true
    },
    "aui-form-builder-page-manager": {
        "requires": [
            "aui-pagination",
            "aui-popover",
            "aui-tabview",
            "base",
            "event-valuechange",
            "node-base"
        ],
        "skinnable": true
    },
    "aui-form-builder-settings-modal": {
        "requires": [
            "aui-classnamemanager",
            "aui-modal",
            "base",
            "node-base"
        ],
        "skinnable": true
    },
    "aui-form-combobox-deprecated": {
        "requires": [
            "aui-form-textarea-deprecated",
            "aui-toolbar"
        ],
        "skinnable": true
    },
    "aui-form-deprecated": {
        "use": [
            "aui-form-base-deprecated",
            "aui-form-combobox-deprecated",
            "aui-form-field-deprecated",
            "aui-form-select-deprecated",
            "aui-form-textarea-deprecated",
            "aui-form-textfield-deprecated"
        ]
    },
    "aui-form-field": {
        "requires": [
            "aui-classnamemanager",
            "aui-node-base",
            "base-build"
        ],
        "skinnable": true
    },
    "aui-form-field-choice": {
        "requires": [
            "aui-form-field-required"
        ],
        "skinnable": true
    },
    "aui-form-field-deprecated": {
        "requires": [
            "aui-base-deprecated",
            "aui-component"
        ]
    },
    "aui-form-field-required": {
        "requires": [
            "aui-form-field"
        ]
    },
    "aui-form-field-text": {
        "requires": [
            "aui-form-field-required"
        ],
        "skinnable": true
    },
    "aui-form-select-deprecated": {
        "requires": [
            "aui-form-field-deprecated"
        ]
    },
    "aui-form-textarea-deprecated": {
        "requires": [
            "node-pluginhost",
            "aui-autosize-deprecated",
            "aui-form-textfield-deprecated"
        ]
    },
    "aui-form-textfield-deprecated": {
        "requires": [
            "aui-form-field-deprecated"
        ]
    },
    "aui-form-validator": {
        "requires": [
            "escape",
            "selector-css3",
            "node-event-delegate",
            "aui-node",
            "aui-component",
            "aui-event-input"
        ]
    },
    "aui-hsv-palette": {
        "requires": [
            "aui-classnamemanager",
            "aui-widget-cssclass",
            "aui-widget-toggle",
            "aui-event-input",
            "base-build",
            "clickable-rail",
            "color-hsv",
            "dd-constrain",
            "slider",
            "widget"
        ],
        "skinnable": true
    },
    "aui-hsva-palette": {
        "requires": [
            "aui-hsv-palette"
        ],
        "skinnable": true
    },
    "aui-hsva-palette-modal": {
        "requires": [
            "aui-hsva-palette",
            "aui-modal"
        ],
        "skinnable": true
    },
    "aui-image-cropper": {
        "requires": [
            "resize-base",
            "resize-constrain",
            "dd-constrain",
            "aui-node-base",
            "aui-component"
        ],
        "skinnable": true
    },
    "aui-image-viewer": {
        "requires": [
            "widget",
            "widget-modality",
            "widget-position",
            "widget-position-align",
            "widget-position-constrain",
            "widget-stack",
            "widget-stdmod",
            "aui-event",
            "aui-image-viewer-base",
            "aui-image-viewer-multiple",
            "aui-image-viewer-slideshow",
            "aui-node-base",
            "aui-widget-cssclass",
            "aui-widget-toggle"
        ],
        "skinnable": true
    },
    "aui-image-viewer-base": {
        "requires": [
            "anim",
            "aui-aria",
            "aui-classnamemanager",
            "aui-node",
            "aui-widget-responsive",
            "base-build",
            "imageloader",
            "node-base",
            "widget",
            "widget-stack"
        ],
        "skinnable": true
    },
    "aui-image-viewer-media": {
        "requires": [
            "plugin",
            "aui-component",
            "aui-image-viewer"
        ]
    },
    "aui-image-viewer-multiple": {
        "requires": [
            "base-build",
            "node-base",
            "aui-classnamemanager",
            "aui-image-viewer-base"
        ],
        "skinnable": true
    },
    "aui-image-viewer-multiple-swipe": {
        "condition": {
            "name": "aui-image-viewer-multiple-swipe",
            "trigger": "aui-image-viewer-multiple",
            "ua": "touchEnabled"
        },
        "requires": [
            "aui-image-viewer-multiple",
            "aui-image-viewer-swipe"
        ]
    },
    "aui-image-viewer-slideshow": {
        "requires": [
            "node",
            "aui-classnamemanager"
        ]
    },
    "aui-image-viewer-swipe": {
        "condition": {
            "name": "aui-image-viewer-swipe",
            "trigger": "aui-image-viewer-base",
            "ua": "touchEnabled"
        },
        "requires": [
            "event-resize",
            "aui-image-viewer-base",
            "aui-widget-swipe"
        ]
    },
    "aui-input-text-control-deprecated": {
        "requires": [
            "aui-base-deprecated",
            "aui-datasource-control-base-deprecated",
            "aui-form-combobox-deprecated"
        ]
    },
    "aui-io": {
        "use": [
            "aui-io-request"
        ]
    },
    "aui-io-deprecated": {
        "use": [
            "aui-io-request",
            "aui-io-plugin-deprecated"
        ]
    },
    "aui-io-plugin-deprecated": {
        "requires": [
            "aui-overlay-base-deprecated",
            "aui-parse-content",
            "aui-io-request",
            "aui-loading-mask-deprecated"
        ]
    },
    "aui-io-request": {
        "requires": [
            "io-base",
            "json",
            "plugin",
            "querystring-stringify",
            "aui-component"
        ]
    },
    "aui-io-request-deprecated": {
        "requires": [
            "io-base",
            "json",
            "plugin",
            "querystring-stringify",
            "aui-base-deprecated"
        ]
    },
    "aui-layout": {
        "requires": [
            "aui-layout-col",
            "aui-layout-row",
            "aui-node-base",
            "base-build",
            "datatype-number-parse",
            "event-resize"
        ]
    },
    "aui-layout-builder": {
        "requires": [
            "aui-classnamemanager",
            "aui-layout",
            "aui-layout-builder-add-col",
            "aui-layout-builder-add-row",
            "aui-layout-builder-move",
            "aui-layout-builder-remove-row",
            "aui-layout-builder-resize-col",
            "aui-node-base",
            "base-build",
            "node-event-delegate",
            "node-screen",
            "node-style"
        ]
    },
    "aui-layout-builder-add-col": {
        "requires": [
            "event-key",
            "node-base"
        ],
        "skinnable": true
    },
    "aui-layout-builder-add-row": {
        "requires": [
            "aui-node-base",
            "base-build",
            "node-scroll-info"
        ],
        "skinnable": true
    },
    "aui-layout-builder-move": {
        "requires": [
            "aui-node-base",
            "base-build"
        ],
        "skinnable": true
    },
    "aui-layout-builder-remove-row": {
        "requires": [
            "aui-node-base",
            "base-build"
        ],
        "skinnable": true
    },
    "aui-layout-builder-resize-col": {
        "requires": [
            "dd-constrain",
            "dd-delegate",
            "dd-drop-plugin",
            "dd-proxy",
            "event-mouseenter",
            "node-base"
        ],
        "skinnable": true
    },
    "aui-layout-col": {
        "requires": [
            "aui-classnamemanager",
            "aui-node-base",
            "base-build"
        ],
        "skinnable": true
    },
    "aui-layout-row": {
        "requires": [
            "array-invoke",
            "aui-node-base",
            "base-build"
        ],
        "skinnable": true
    },
    "aui-linkedset": {
        "requires": [
            "aui-set"
        ]
    },
    "aui-live-search-deprecated": {
        "requires": [
            "aui-base-deprecated"
        ]
    },
    "aui-loading-mask-deprecated": {
        "requires": [
            "plugin",
            "aui-overlay-mask-deprecated"
        ],
        "skinnable": true
    },
    "aui-map": {
        "requires": [
            "base-build"
        ]
    },
    "aui-menu": {
        "requires": [
            "base-build",
            "event-mouseenter",
            "event-resize",
            "widget",
            "widget-position",
            "widget-position-align",
            "widget-position-constrain",
            "widget-stack",
            "aui-classnamemanager",
            "aui-debounce",
            "aui-dropdown",
            "aui-menu-item"
        ],
        "skinnable": true
    },
    "aui-menu-item": {
        "requires": [
            "base-build",
            "node-base",
            "aui-classnamemanager",
            "aui-node",
            "aui-widget-shortcut"
        ]
    },
    "aui-messaging": {
        "requires": [
            "querystring",
            "aui-timer"
        ]
    },
    "aui-modal": {
        "requires": [
            "widget",
            "widget-autohide",
            "widget-buttons",
            "widget-modality",
            "widget-position",
            "widget-position-align",
            "widget-position-constrain",
            "widget-stack",
            "widget-stdmod",
            "dd-plugin",
            "dd-constrain",
            "timers",
            "aui-classnamemanager",
            "aui-widget-cssclass",
            "aui-widget-toggle",
            "aui-widget-toolbars"
        ],
        "skinnable": true
    },
    "aui-modal-resize": {
        "condition": {
            "name": "aui-modal-resize",
            "test": "aui-modal-resize-test.js",
            "trigger": "aui-modal"
        },
        "requires": [
            "aui-modal",
            "resize-plugin"
        ]
    },
    "aui-node": {
        "use": [
            "aui-node-base"
        ]
    },
    "aui-node-accessible": {
        "requires": [
            "aui-node-base",
            "event-custom-base"
        ]
    },
    "aui-node-base": {
        "requires": [
            "array-extras",
            "aui-base-lang",
            "aui-classnamemanager",
            "aui-debounce",
            "node"
        ]
    },
    "aui-node-html5": {
        "condition": {
            "name": "aui-node-html5",
            "trigger": "aui-node",
            "ua": "ie"
        },
        "requires": [
            "collection",
            "aui-node-base"
        ]
    },
    "aui-options-data-editor": {
        "requires": [
            "aui-data-editor",
            "dd-constrain",
            "dd-delegate",
            "dd-drop-plugin",
            "dd-proxy",
            "event-valuechange",
            "node-event-delegate"
        ],
        "skinnable": true
    },
    "aui-overlay-base-deprecated": {
        "requires": [
            "widget-position",
            "widget-stack",
            "widget-position-align",
            "widget-position-constrain",
            "widget-stdmod",
            "aui-component"
        ]
    },
    "aui-overlay-context-deprecated": {
        "requires": [
            "aui-overlay-manager-deprecated",
            "aui-delayed-task-deprecated",
            "aui-aria"
        ]
    },
    "aui-overlay-context-panel-deprecated": {
        "requires": [
            "anim",
            "aui-overlay-context-deprecated"
        ],
        "skinnable": true
    },
    "aui-overlay-deprecated": {
        "use": [
            "aui-overlay-base-deprecated",
            "aui-overlay-context-deprecated",
            "aui-overlay-context-panel-deprecated",
            "aui-overlay-manager-deprecated",
            "aui-overlay-mask-deprecated"
        ]
    },
    "aui-overlay-manager-deprecated": {
        "requires": [
            "overlay",
            "plugin",
            "aui-base-deprecated",
            "aui-overlay-base-deprecated"
        ]
    },
    "aui-overlay-mask-deprecated": {
        "requires": [
            "event-resize",
            "aui-base-deprecated",
            "aui-overlay-base-deprecated"
        ],
        "skinnable": true
    },
    "aui-pagination": {
        "requires": [
            "node-event-delegate",
            "aui-node",
            "aui-component",
            "widget-htmlparser"
        ],
        "skinnable": true
    },
    "aui-palette": {
        "requires": [
            "base-build",
            "event-hover",
            "widget",
            "aui-classnamemanager",
            "aui-base",
            "aui-widget-cssclass",
            "aui-widget-toggle"
        ],
        "skinnable": true
    },
    "aui-parse-content": {
        "requires": [
            "async-queue",
            "plugin",
            "io-base",
            "aui-component",
            "aui-node-base"
        ]
    },
    "aui-popover": {
        "requires": [
            "event-resize",
            "widget",
            "widget-autohide",
            "widget-buttons",
            "widget-modality",
            "widget-position",
            "widget-position-align",
            "widget-position-constrain",
            "widget-stack",
            "widget-stdmod",
            "aui-classnamemanager",
            "aui-widget-cssclass",
            "aui-widget-toggle",
            "aui-widget-toolbars",
            "aui-widget-transition",
            "aui-widget-trigger",
            "aui-widget-position-align-suggestion",
            "aui-component",
            "aui-node-base"
        ],
        "skinnable": true
    },
    "aui-progressbar": {
        "requires": [
            "aui-node",
            "aui-component",
            "aui-aria"
        ],
        "skinnable": true
    },
    "aui-promise": {
        "requires": [
            "array-invoke",
            "promise",
            "oop"
        ]
    },
    "aui-property-builder": {
        "requires": [
            "dd",
            "collection",
            "aui-property-builder-available-field",
            "aui-property-builder-field-support",
            "aui-property-builder-settings",
            "aui-tabview"
        ],
        "skinnable": true
    },
    "aui-property-builder-available-field": {
        "requires": [
            "base",
            "aui-component",
            "aui-node"
        ]
    },
    "aui-property-builder-field-support": {},
    "aui-property-builder-settings": {
        "requires": [
            "aui-tabview",
            "aui-datatable-property-list"
        ]
    },
    "aui-radio-group-data-editor": {
        "requires": [
            "aui-data-editor",
            "node-event-delegate"
        ],
        "skinnable": true
    },
    "aui-rating": {
        "use": [
            "aui-rating-base",
            "aui-rating-thumb"
        ]
    },
    "aui-rating-base": {
        "requires": [
            "aui-component",
            "aui-node-base",
            "widget-htmlparser",
            "widget-uievents"
        ],
        "skinnable": true
    },
    "aui-rating-thumb": {
        "requires": [
            "aui-rating-base"
        ]
    },
    "aui-resize-base-deprecated": {
        "requires": [
            "dd-drag",
            "dd-delegate",
            "dd-drop",
            "aui-base-deprecated"
        ],
        "skinnable": true
    },
    "aui-resize-constrain-deprecated": {
        "requires": [
            "dd-constrain",
            "plugin",
            "aui-resize-base-deprecated"
        ]
    },
    "aui-resize-deprecated": {
        "skinnable": true,
        "use": [
            "aui-resize-base-deprecated",
            "aui-resize-constrain-deprecated"
        ]
    },
    "aui-scale-data-editor": {
        "requires": [
            "aui-classnamemanager",
            "aui-data-editor",
            "event-valuechange"
        ]
    },
    "aui-scheduler": {
        "use": [
            "event-gestures",
            "aui-scheduler-base",
            "aui-scheduler-event-recorder",
            "aui-scheduler-view-agenda",
            "aui-scheduler-view-day",
            "aui-scheduler-view-month",
            "aui-scheduler-view-table-dd",
            "aui-scheduler-view-table",
            "aui-scheduler-view-week",
            "aui-viewport"
        ]
    },
    "aui-scheduler-base": {
        "requires": [
            "model",
            "model-list",
            "widget-stdmod",
            "color-hsl",
            "aui-event-base",
            "aui-node-base",
            "aui-component",
            "aui-datatype",
            "aui-button",
            "node-focusmanager"
        ],
        "skinnable": true
    },
    "aui-scheduler-event-recorder": {
        "requires": [
            "querystring",
            "io-form",
            "overlay",
            "aui-scheduler-base",
            "aui-popover"
        ],
        "skinnable": true
    },
    "aui-scheduler-touch": {
        "condition": {
            "name": "aui-scheduler-touch",
            "trigger": "aui-scheduler",
            "ua": "touchEnabled"
        },
        "requires": [
            "base-build",
            "aui-scheduler"
        ],
        "skinnable": true
    },
    "aui-scheduler-view-agenda": {
        "requires": [
            "aui-scheduler-base"
        ],
        "skinnable": true
    },
    "aui-scheduler-view-day": {
        "requires": [
            "dd-drag",
            "dd-delegate",
            "dd-drop",
            "dd-constrain",
            "aui-scheduler-view-table"
        ],
        "skinnable": true
    },
    "aui-scheduler-view-month": {
        "requires": [
            "aui-scheduler-view-table"
        ],
        "skinnable": true
    },
    "aui-scheduler-view-table": {
        "requires": [
            "overlay",
            "aui-scheduler-base"
        ],
        "skinnable": true
    },
    "aui-scheduler-view-table-dd": {
        "requires": [
            "dd-drag",
            "dd-delegate",
            "dd-drop",
            "aui-scheduler-view-table"
        ]
    },
    "aui-scheduler-view-week": {
        "requires": [
            "aui-scheduler-view-day"
        ],
        "skinnable": true
    },
    "aui-scroller-deprecated": {
        "requires": [
            "event-mouseenter",
            "aui-base-deprecated",
            "aui-simple-anim-deprecated"
        ],
        "skinnable": true
    },
    "aui-scrollspy": {
        "requires": [
            "base-build",
            "node-screen",
            "aui-classnamemanager"
        ]
    },
    "aui-search": {
        "use": [
            "aui-search-tst"
        ]
    },
    "aui-search-tst": {
        "requires": [
            "aui-component"
        ]
    },
    "aui-selector": {
        "requires": [
            "selector-css3",
            "aui-classnamemanager"
        ]
    },
    "aui-set": {
        "requires": [
            "aui-map"
        ]
    },
    "aui-simple-anim-deprecated": {
        "requires": [
            "aui-base-deprecated"
        ]
    },
    "aui-skin-deprecated": {
        "type": "css"
    },
    "aui-sortable": {
        "use": [
            "aui-sortable-layout",
            "aui-sortable-list"
        ]
    },
    "aui-sortable-layout": {
        "requires": [
            "dd-delegate",
            "dd-drag",
            "dd-drop",
            "dd-proxy",
            "aui-node",
            "aui-component"
        ],
        "skinnable": true
    },
    "aui-sortable-list": {
        "requires": [
            "dd-drag",
            "dd-drop",
            "dd-proxy",
            "dd-scroll",
            "aui-node",
            "aui-component"
        ]
    },
    "aui-state-interaction-deprecated": {
        "requires": [
            "aui-base-deprecated",
            "plugin"
        ]
    },
    "aui-surface": {
        "use": [
            "aui-surface-app",
            "aui-surface-screen"
        ]
    },
    "aui-surface-app": {
        "requires": [
            "event-delegate",
            "node-event-html5",
            "aui-surface-base",
            "aui-surface-screen",
            "aui-surface-screen-route"
        ]
    },
    "aui-surface-base": {
        "requires": [
            "base-build",
            "node-style",
            "timers",
            "aui-debounce",
            "aui-promise",
            "aui-parse-content"
        ]
    },
    "aui-surface-screen": {
        "requires": [
            "base-build"
        ]
    },
    "aui-surface-screen-html": {
        "requires": [
            "aui-base",
            "aui-io-request",
            "aui-promise",
            "aui-surface-screen",
            "aui-url"
        ]
    },
    "aui-surface-screen-route": {
        "requires": [
            "base-build"
        ]
    },
    "aui-swf-deprecated": {
        "requires": [
            "querystring-parse-simple",
            "querystring-stringify-simple",
            "aui-base-deprecated"
        ]
    },
    "aui-tabs-data-editor": {
        "requires": [
            "aui-data-editor",
            "aui-tabview"
        ]
    },
    "aui-tabview": {
        "requires": [
            "selector-css3",
            "tabview",
            "aui-component",
            "aui-widget-css"
        ],
        "skinnable": true
    },
    "aui-template-deprecated": {
        "requires": [
            "aui-base-deprecated"
        ]
    },
    "aui-text-data-editor": {
        "requires": [
            "aui-data-editor",
            "event-valuechange"
        ],
        "skinnable": true
    },
    "aui-text-data-unicode": {
        "requires": [
            "text"
        ]
    },
    "aui-text-unicode": {
        "requires": [
            "aui-text-data-unicode"
        ]
    },
    "aui-textboxlist-deprecated": {
        "requires": [
            "anim-node-plugin",
            "aui-autocomplete-deprecated",
            "aui-button-item-deprecated",
            "aui-data-set-deprecated",
            "escape",
            "node-focusmanager"
        ],
        "skinnable": true
    },
    "aui-timepicker": {
        "requires": [
            "autocomplete",
            "aui-datepicker-delegate",
            "aui-datepicker-popover"
        ],
        "skinnable": true
    },
    "aui-timepicker-native": {
        "requires": [
            "base",
            "base-build",
            "aui-node-base",
            "aui-datepicker-delegate",
            "aui-datepicker-native"
        ]
    },
    "aui-timer": {
        "requires": [
            "oop"
        ]
    },
    "aui-toggler": {
        "use": [
            "aui-toggler-base",
            "aui-toggler-delegate"
        ]
    },
    "aui-toggler-accessibility": {
        "requires": [
            "aui-toggler-base"
        ]
    },
    "aui-toggler-base": {
        "requires": [
            "transition",
            "aui-selector",
            "aui-event-base",
            "aui-node",
            "aui-component",
            "event-tap"
        ],
        "skinnable": true
    },
    "aui-toggler-delegate": {
        "requires": [
            "array-invoke",
            "node-event-delegate",
            "aui-toggler-base"
        ]
    },
    "aui-toolbar": {
        "requires": [
            "arraylist",
            "arraylist-add",
            "aui-component",
            "aui-button-core"
        ]
    },
    "aui-tooltip": {
        "use": [
            "aui-tooltip-base",
            "aui-tooltip-delegate"
        ]
    },
    "aui-tooltip-base": {
        "requires": [
            "aui-aria",
            "aui-classnamemanager",
            "aui-component",
            "aui-debounce",
            "aui-node-base",
            "aui-widget-cssclass",
            "aui-widget-toggle",
            "aui-widget-transition",
            "aui-widget-trigger",
            "aui-widget-position-align-suggestion",
            "event-hover",
            "event-resize",
            "escape",
            "widget",
            "widget-autohide",
            "widget-position",
            "widget-position-align",
            "widget-position-constrain",
            "widget-stack",
            "widget-stdmod"
        ],
        "skinnable": true
    },
    "aui-tooltip-delegate": {
        "requires": [
            "aui-tooltip-base",
            "node-event-delegate"
        ]
    },
    "aui-tooltip-deprecated": {
        "requires": [
            "aui-overlay-context-panel-deprecated"
        ],
        "skinnable": true
    },
    "aui-tpl-snippets-base-deprecated": {
        "requires": [
            "aui-template-deprecated"
        ]
    },
    "aui-tpl-snippets-checkbox-deprecated": {
        "requires": [
            "aui-tpl-snippets-base-deprecated"
        ]
    },
    "aui-tpl-snippets-deprecated": {
        "use": [
            "aui-tpl-snippets-base-deprecated",
            "aui-tpl-snippets-checkbox-deprecated",
            "aui-tpl-snippets-input-deprecated",
            "aui-tpl-snippets-select-deprecated",
            "aui-tpl-snippets-textarea-deprecated"
        ]
    },
    "aui-tpl-snippets-input-deprecated": {
        "requires": [
            "aui-tpl-snippets-base-deprecated"
        ]
    },
    "aui-tpl-snippets-select-deprecated": {
        "requires": [
            "aui-tpl-snippets-base-deprecated"
        ]
    },
    "aui-tpl-snippets-textarea-deprecated": {
        "requires": [
            "aui-tpl-snippets-base-deprecated"
        ]
    },
    "aui-tree": {
        "use": [
            "aui-tree-data",
            "aui-tree-io",
            "aui-tree-node",
            "aui-tree-paginator",
            "aui-tree-view"
        ]
    },
    "aui-tree-data": {
        "requires": [
            "aui-base-core",
            "aui-base-lang",
            "aui-node-base",
            "aui-timer",
            "aui-component"
        ]
    },
    "aui-tree-io": {
        "requires": [
            "aui-component",
            "aui-io"
        ]
    },
    "aui-tree-node": {
        "requires": [
            "json",
            "querystring-stringify",
            "aui-tree-data",
            "aui-tree-io",
            "aui-tree-paginator",
            "event-key"
        ]
    },
    "aui-tree-paginator": {
        "requires": [
            "yui-base"
        ]
    },
    "aui-tree-view": {
        "requires": [
            "dd-delegate",
            "dd-proxy",
            "widget",
            "aui-tree-node",
            "aui-tree-paginator",
            "aui-tree-io"
        ],
        "skinnable": true
    },
    "aui-undo-redo": {
        "requires": [
            "aui-base",
            "base",
            "base-build",
            "event-key",
            "promise"
        ]
    },
    "aui-url": {
        "requires": [
            "oop",
            "querystring-parse",
            "querystring-stringify"
        ]
    },
    "aui-video": {
        "requires": [
            "event-resize",
            "node-event-html5",
            "querystring-stringify-simple",
            "aui-aria",
            "aui-node",
            "aui-component",
            "aui-debounce"
        ],
        "skinnable": true
    },
    "aui-viewport": {
        "requires": [
            "aui-node",
            "aui-component"
        ]
    },
    "aui-widget": {
        "use": [
            "aui-widget-cssclass",
            "aui-widget-toolbars"
        ]
    },
    "aui-widget-core": {
        "use": [
            "aui-widget-cssclass"
        ]
    },
    "aui-widget-cssclass": {
        "requires": [
            "widget-base"
        ]
    },
    "aui-widget-position-align-suggestion": {
        "requires": [
            "widget-position-align",
            "widget-stdmod"
        ]
    },
    "aui-widget-responsive": {
        "requires": [
            "event-resize",
            "widget-base"
        ]
    },
    "aui-widget-shortcut": {
        "requires": [
            "base"
        ]
    },
    "aui-widget-swipe": {
        "requires": [
            "classnamemanager",
            "scrollview-base",
            "scrollview-paginator",
            "timers"
        ]
    },
    "aui-widget-toggle": {},
    "aui-widget-toolbars": {
        "requires": [
            "widget-stdmod",
            "aui-toolbar"
        ]
    },
    "aui-widget-transition": {
        "requires": [
            "transition"
        ]
    },
    "aui-widget-trigger": {
        "requires": [
            "node"
        ]
    }
}